Má»Ÿ há»™p ra tháº¥y mÃ¹i thÆ¡m dá»… chá»‹u, Ä‘Ã³ng gÃ³i cáº©n tháº­n. ChÆ°a dÃ¹ng nÃªn chÆ°a bik cháº¥t lÆ°á»£ng sáº£n pháº©m ntn. CÃ³ quÃ  táº·ng Ä‘i kÃ¨m. NÃ³i chung chim Æ°ng okokokokokokokokeuwuwuwuwiieiwuwiwiwiwiwiwiwieieieieieiejejejeieieieoeoeoeoeoeeoeowooeoeeoeooeoeoeoeowowowowowoeoeoeoeoeoeoeoeoeoeoeoeoeoe
TIKI giao hÃ ng maxxxxx nhanh luÃ´n áº¡. 10h tá»‘i Ä‘áº·t, 10h sÃ¡ng Ä‘Ã£ gá»i xuá»‘ng nháº­n hÃ ng. ÄÃ³ng gÃ³i cáº©n tháº­n, ko dÃ¹ng tÃºi chá»‘ng sá»‘c nilon mÃ  dÃ¹ng thÃ¹ng giáº¥y tÃ¡i sá»­ dá»¥ng ???. SÄƒn sale chÃ­nh hÃ£ng giÃ¡ ráº», sáº£n pháº©m mÃ¹i thÆ¡m hÆ¡i náº·ng, tÃ³c bÃ³ng mÆ°á»£t, ko bá»‹ khÃ´.
Giao hÃ ng siÃªu nhanh, tá»‘i hÃ´m trÆ°á»›c hÃ´m sau Ä‘Ã£ cÃ³ hÃ ng. Sáº£n pháº©m Ä‘Æ°á»£c táº·ng kÃ¨m nhiá»u thá»© . Dáº§u gá»™i thÆ¡m, nhÆ°ng dÃ¹ng dáº§u xáº£ thÃ¬ pháº£i xáº£ kÄ© khÃ´ng tÃ³c dá»… báº¿t dáº§u. DÃ¹ng 1 thá»i gian chÆ°a tháº¥y tÃ³c cháº» ngá»n. Má»›i dÃ¹ng thÃ¬ sau khi sáº¥y xong tÃ³c khÃ¡ mÆ°á»£t. ÄÆ°á»£c ná»­a chai báº¯t Ä‘áº§u tháº¥y cÃ³ váº» hÆ¡i khÃ´ so vá»›i loáº¡i trÆ°á»›c mÃ¬nh dÃ¹ng.
MÃ“N QUÃ€ Ã NGHÄ¨A Cá»¦A KHÃ“A SINH CLB LA Háº¦U LA CÃšNG DÆ¯á»œNG SÆ¯ PHá»¤ NHÃ‚N Dá»ŠP 20/11 --- Vá»›i tÃ¢m kÃ­nh yÃªu SÆ° Phá»¥, vá»«a qua, cÃ¡c báº¡n khÃ³a sinh CLB La Háº§u La Ä‘Ã£ thá»±c hÃ nh háº¡nh hiáº¿u, gá»­i táº·ng má»™t mÃ³n quÃ  Ã½ nghÄ©a do tá»± tay cÃ¡c báº¡n lÃ m Ä‘á»ƒ dÃ¢ng lÃªn cÃºng dÆ°á»ng SÆ° Phá»¥ nhÃ¢n dá»‹p Hiáº¿n chÆ°Æ¡ng NhÃ  giÃ¡o 20/11. Chuáº©n bá»‹ cho mÃ³n quÃ  Ä‘áº·c biá»‡t nÃ y, cÃ¡c báº¡n khÃ³a sinh Ä‘Ã£ ráº¥t khÃ©o lÃ©o, tá»« lÃªn Ã½ tÆ°á»Ÿng ná»™i dung Ä‘áº¿n viá»‡c thá»±c hiá»‡n cáº¯t giáº¥y, lÃ m thiá»‡p, váº½ tranh,... MÃ³n quÃ  chÃ­nh lÃ  tÃ¬nh cáº£m tri Ã¢n cá»§a cÃ¡c báº¡n khÃ³a sinh dÃ¢ng lÃªn SÆ° Phá»¥. Ban Quáº£n trá»‹ xin gá»­i tá»›i quÃ½ Pháº­t tá»­ vÃ  cÃ¡c báº¡n má»™t sá»‘ hÃ¬nh áº£nh cÃ¡c báº¡n khÃ³a sinh CLB La Háº§u... Xem thÃªm
dáº§u thÆ¡m láº¯m. chÆ°a dÃ¹ng nÃªn chÆ°a biáº¿t cÃ³ thÃ­ch k. shop Ä‘Ã³ng gÃ³i ráº¥t cáº©n tháº­n áº¡.
Sáº£n pháº©m Ä‘Ãºng nhÆ° mÃ´ táº£. Giao hÃ ng nhanh hÆ¡n dá»± kiáº¿n. ChÆ°a sá»­ dá»¥ng chÆ°a biáº¿t cháº¥t lÆ°á»£ng
MÃ¬nh chÆ°a xÃ i nÃªn chÆ°a thá»ƒ Ä‘Ã¡nh giÃ¡ vá» cháº¥t lÆ°á»£ng sáº£n pháº©m Ä‘Æ°á»£c, nhÆ°ng vá» mÃ¹i thÃ¬ ráº¥t thÆ¡m, chÆ°a má»Ÿ náº¯p mÃ  hÆ°Æ¡ng thÆ¡m Ä‘Ã£ lan tá»a kháº¯p phÃ²ng rá»“i. ÄÆ°á»£c táº·ng kÃ¨m mÃ¡y sáº¥y tÃ³c nhá» nhá» xinh xinh cá»§a Sunhouse, mÃ¡y kÃªu tiáº¿ng hÆ¡i to, giÃ³ táº¡m á»•n thÃ´i chá»© khÃ´ng máº¡nh láº¯m, nhÆ°ng Ä‘Æ°á»£c cÃ¡i nhá» gá»n, cÃ³ thá»ƒ mang theo khi Ä‘i du lá»‹ch.
Tháº¥y quáº£ng cÃ¡o dÃ¹ng cho tÃ³c nhuá»™m, chÆ°a sá»­ dá»¥ng. DÃ¹ng thá»­ xem há»£p sáº½ á»§ng há»™ shop nha. GÃ³i ghÃ©m tá»«ng chai, hÃ ng Ä‘áº¹p. CÃ¡m Æ¡n Tiki vÃ  shop nha.
ÄÃ¡nh giÃ¡ láº¡i sáº£n pháº©m, lÃºc gá»™i khÃ´ng thÆ¡m nhÆ°ng lÆ°u hÆ°Æ¡ng dá»… chá»‹u trÃªn tÃ³c. Sá»­ dá»¥ng sáº£n pháº©m nÃ y mÃ¬nh tháº¥y tÃ³c giáº£m gÃ£y rá»¥ng hÆ¡n ráº¥t nhiá»u vÃ  tÃ³c thÃ¬ siÃªu mÆ°á»£t vÃ  má»m.
Tiki giao hÃ ng nhanh , Ä‘Ã³ng hÃ ng cáº©n tháº­n , sáº£n pháº©m chÆ°a dÃ¹ng nÃªn ko biáº¿t , áº£nh mang tÃ­nh cháº¥t nháº­n xu vÃ¬ Ä‘ang Ä‘i lÃ m ko chuppp Ä‘c
MÃ¬nh mua combo nÃ y sale 20% cÃ²n Ä‘Æ°á»£c táº·ng mÃ¡y sáº¥y tÃ³c bÃ© bÃ© mang Ä‘i du lá»‹ch cute lÃ©m. MÃ¬nh vá»«a xÃ i chai dáº§u xáº£ tháº¥y mÆ°á»£t vÃ  thÆ¡m láº¯m. Váº­n chuyá»ƒn ok khÃ´ng bá»‹ hÆ° há»ng gÃ¬ háº¿t. KhÃ¡ Ä‘Ã¡ng tiá»n cho 5? nhÃ© hehe
tg giao hÃ ng mÃ¹a dá»‹ch tÆ°Æ¡ng Ä‘á»‘i nhanh, hÃ ng tiki trading láº§n Ä‘áº§u mua nhg áº¥n tÆ°á»£ng khÃ¡ tá»‘t cáº£ vá» hÃ¬nh thá»©c gÃ³i hÃ ng láº«n anh giao hÃ ng. CÃ²n vá» cháº¥t lÆ°á»£ng dáº§u siÃªu thÆ¡m luÃ´n. chim Æ°ng nha
Mua vá» trÆ°á»›c Ä‘á»ƒ sau nÃ y lÃªn trá» xÃ i nÃªn chÆ°a biáº¿t cháº¥t lÆ°á»£ng sáº£n pháº©m ra sao Tuy nhiÃªn Ä‘Ã¡nh giÃ¡ luÃ´n 5 sao cho tiki vÃ¬ váº­n chuyá»ƒn tháº§n tá»‘c. MÃ¬nh á»Ÿ ngoáº¡i tá»‰nh mÃ  Ä‘áº·t hÃ´m trc hÃ´m sau Ä‘Ã£ vá» hÃ ng luÃ´n. SiÃªu Æ°ng tiki
Giao hÃ ng nhanh(giao trÆ°á»›c thá»i gian Ä‘á»‹nh kiáº¿n 1 ngÃ y); shipper thÃ¢n thiá»‡n; sáº£n pháº©m chÆ°a dÃ¹ng nÃªn chÆ°a biáº¿t cháº¥t lÆ°á»£ng nhÆ° nÃ o nhÆ°ng nhÃ¬n chung, máº«u mÃ£ ok, Ä‘Æ°á»£c sale vÃ  táº·ng(khÃ¡ thÃ­ch). Má»i ngÆ°á»i nÃªn mua nha. Lá»i cuá»‘i, chÃºc shop ngÃ y cÃ ng phÃ¡t triá»ƒn vÃ  cháº¥t lÆ°á»£ng sáº£n pháº©m ngÃ y cÃ ng tá»‘t hÆ¡n cho ngÆ°á»i tiÃªu dÃ¹ng
Sáº£n pháº©m y hÃ¬nh. Äc táº·ng thÃªm mÃ¡y sáº¥y tÃ³c siÃªu kute. MÃ¬nh dÃ¹ng dÃ²ng nÃ y tháº¥y tÃ³c má»m mÆ°á»£t hÆ¡n ráº¥t nhiá»u so vá»›i cÃ¡c sp khÃ¡c nÃªn mua dÃ¹ng láº¡i. Giao hÃ ng nhanh vÃ  Ä‘Ã³ng gÃ³i hÃ ng cá»§a tiki thÃ¬ k cÃ³ gÃ¬ Ä‘á»ƒ bÃ n cÃ£i. Sáº½ luÃ´n á»§ng há»™ tiki
ráº¥t thÆ¡m vÃ  giá»¯ náº¿p tÃ³c ráº¥t tá»‘t so vá»›i nhá»¯ng loáº¡i dáº§u gá»™i khÃ¡c. k bá»‹ kiá»ƒu máº¥y sá»£i tÃ³c lá»Ÿm chá»Ÿm. ship hang cÅ©ng ráº¥t la nhanh. giÃ¡ láº¡i ráº» nhÆ°ng mÃ¬nh k háº¡p láº¯m nÃªn sd bá»‹ gÃ u vÃ  ngá»©a da Ä‘áº§u. váº«n Ä‘Ã¡nh giÃ¡ 5 sao vÃ¬ thÆ¡m
Bá»™ Ä‘Ã´i nÃ y dÃ¹ng tá»‘t cho tÃ³c tá»« hÆ¡i khÃ´ hÆ° tá»•n má»™t chÃºt Ä‘áº¿n khÃ´ vÃ  hÆ° tá»•n nhiá»u Ä‘á»u há»£p.
dá»‹ch nhÆ°ng giao nhanh, má»Ÿ há»™p ra tháº¥y ráº¥t thÆ¡m. k biáº¿t gá»™i thÃ¬ tn. giao hÃ ng nhanh. Æ°ng cÃ¡i bá»¥ng ğŸ˜ğŸ˜ğŸ˜ğŸ˜ğŸ˜ğŸ˜ğŸ˜ğŸ˜ğŸ˜ğŸ˜ğŸ˜ğŸ˜ğŸ˜ğŸ˜ğŸ˜
Ä‘Ã³ng gÃ³i tá»‘t, gá»­i hÃ ng nhanh chÃ³ng, sáº£n pháº©m cÃ³ mÃ¹i thÆ¡m dá»… chá»‹u, nÃ³i chung lÃ  hÃ i lÃ²ng (má»—i tá»™i khÃ´ng tháº¥y cÃ¡i tÃºi quÃ  táº·ng Ä‘Ã¢u cáº£ ğŸ˜)
má»›i má»Ÿ ra mÃ¹i thÆ¡m cá»±c xáº£ khoáº£ng 2tuáº§n lÃ  tÃ³c má»m mÆ°á»£t ra háº³n
Sp tÃ´t, háº¿t thÃ¬ Ä‘áº·t láº¡i thÃ´i, may thay lÃºc Ä‘ang KM
MÃ¬nh nhuá»™m nhÆ° nÃ y nÃªn mua sáº£n pháº©m nÃ y. ChÆ°a sá»­ dá»¥ng nÃªn ko biáº¿t nÃ³i sao. Cáº§m tháº¥y cháº¯c cháº¯n, náº·ng tay. CÅ©ng thÆ¡m ná»¯a, nÃªn yÃªn tÃ¢m! Date khÃ¡ xa nÃªn ko cÃ³ lo láº¯ng gÃ¬, giao hÃ ng nhanh vÃ  cáº©n tháº­n.
Má»Ÿ há»™p hÃ ng ra mÃ¹i khÃ¡ thÆ¡m. GiÃ¡ cáº£ ráº¥t á»•n cÃ²n Ä‘Æ°á»£c freeship . Ráº¥t ok nhÃ© . Mng nÃªn mua sá»­ dá»¥ng
HÃ ng ráº¥t ok phÃ¹ há»£p vá»›i giÃ¡ tiá»n Ä‘Ã³ng gÃ³i cáº©n tháº­n giao hÃ ng nhanh nhÃ¢n viÃªn giao hÃ ng nhiá»‡t tÃ¬nh chu Ä‘Ã¡o.Cáº£m Æ¡n Tiki sáº½ á»§ng há»™ nhá»¯ng láº§n mua tiáº¿p theo.like like
dáº§u gá»™i nÃ y pháº£i gá»i lÃ  cá»±c thÆ¡m, vá»«a má»Ÿ há»™p ra Ä‘Ã£ tháº¥y mÃ¹i ráº¥t dá»… chá»‹u, sáº£n pháº©m táº·ng kÃ¨m tuy nhá» nhÆ°ng dÃ¹ng cÅ©ng á»•n. ship hÃ ng ráº¥t nhanh. 5sao quÃ¡ xá»©ng Ä‘Ã¡ng.
Dáº§u gá»™i ráº¥t thÆ¡m . mÆ°á»£t tÃ³c , lÆ° hÆ°Æ¡ng ráº¥t lÃ¢u . MÃ¹i hÆ°Æ¡ng cá»±c ká»³ dá»… chá»‹u ğŸ¥°
Cháº¥t lÆ°á»£ng tá»‘t, tÃ³c bÃ³ng khoáº», khÃ´ng bá»‹ gÃ u ngá»©a. QuÃ  táº·ng nhiá»u
ÄÃ³ng gÃ³i cáº©n tháº­n. Shipper nhiá»‡t tÃ¬nh. ChÆ°a dÃ¹ng nÃªn chÆ°a Ä‘Ã¡nh giÃ¡ Ä‘Æ°á»£c hiá»‡u quÃ . NhÆ°ng vá»«a má»Ÿ gÃ³i hÃ ng ra Ä‘Ã£ tháº¥y ráº¥t thÆ¡m. Cháº¥t lÆ°á»£ng cháº¯c ğŸ‘, vÃ¬ Ä‘Ã¢y lÃ  loáº¡i dáº§u gá»™i Ä‘Ã£ cÃ³ thÆ°Æ¡ng hiá»‡u ğŸ˜ƒ
Äáº·t hÃ ng hÃ´m qua, hÃ´m nay Ä‘Ã£ nháº­n Ä‘Æ°á»£c, nhÆ°ng sao mÃ¬nh mua ko Ä‘Æ°á»£c khuyáº¿n máº¡i mÃ¡y sáº¥y tÃ³c nhá»‰?
giao Ä‘Ãºng hÃ ng, má»›i mua xÃ i láº§n Ä‘áº§u tiÃªn nÃªn chÆ°a biáº¿t tháº¿ nÃ o. Äáº·t hÃ´m 10/10 tháº¥y trÃªn web cÃ³ kÃ¨m quÃ  táº·ng, nhÆ°ng lÃºc nháº­n hÃ ng láº¡i ko cÃ³.
DÃ¹ng quen loáº¡i nÃ y rá»“i, tÃ³c má»m mÆ°á»£t, cÃ³ dÆ°á»¡ng tá»‘t, Tiki giao hÃ ng nhanh
Giao hÃ ng ráº¥t nhanh , tuy lÃ  sÄƒn sale hÆ¡i má»‡t nhÆ°ng xá»©ng Ä‘Ã¡ng , cÃ²n Ä‘Æ°á»£c nhiá»u Æ°u Ä‘Ã£i, Ä‘Ã¢y lÃ  láº§n Ä‘áº§u mÃ¬nh mua Ä‘á»“ á»Ÿ tiki, nhÆ°ng khÃ¡ hÃ i lÃ²ng áº¡
Giao hÃ ng nhanh chÃ³ng, dáº§u gá»™i HSD cÃ²n má»›i, mua Ä‘Æ°á»£c giÃ¡ quÃ¡ Æ°u Ä‘Ã£i cÃ²n Ä‘Æ°á»£c táº·ng thÃªm mÃ¡y sáº¥y ráº¥t Ä‘áº¹p. HÃ i lÃ²ng ğŸ‘
Giao hÃ ng nhanh chÃ³ng,Ä‘Ã³ng gÃ³i cháº¯c cháº¯n,kÃ¨m theo quÃ  táº·ng.MÃ¬nh chÆ°a sá»­ dá»¥ng nÃªn khÃ´ng biáº¿t cháº¥t lÆ°á»£ng sáº£n pháº©m tháº¿ nÃ o nÃ³i chung lÃ  Ä‘Ã¡ng muaağŸ¥³
gÃ³i hÃ ng kÄ©. Ä‘c táº·ng kÃ¨m kem á»§ tÃ³c ráº¥t Æ°ng. mÃ¹i hÆ°Æ¡ng sáº£n pháº©m thÆ¡m. mua sale 242k bá»™ sp cáº£m tháº¥y Æ°ng Ã½.HÃ¬nh áº£nh k lq.sr mn
mua Ä‘á»£t sale giÃ¡ ráº» mÃ  cÃ²n Ä‘c táº·ng chai sá»¯a rá»­a máº·t.Tuy trÃªn kiá»‡n hÃ ng cÃ³ dÃ¡n chÃº Ã½ hÃ ng dá»… vá»¡ nhÆ°ng lÃºc nháº­n hÃ ng há»™p váº«n mÃ³p mÃ©o vÃ  bá»‹ ná»©t á»Ÿ Ä‘Ã¡y chai nÃªn bá»‹ cháº£y Ã­t dáº§u gá»™i.
Giao hÃ ng nhanh vÃ  Ä‘Ã³ng gÃ³i cáº©n tháº­n khÃ´ng bá»‹ hÆ° hÃ ng. Máº·c dÃ¹ mÃ¬nh mua khÃ´ng trong khung giá» quÃ  táº·ng nhÆ°ng lÃºc nháº­n thÃ¬ cÃ³ luÃ´n hÅ© á»§ tÃ³c táº·ng kÃ¨m. QuÃ¡ tuyá»‡t vá»i
á»§a mk cÃ³ tháº¥y khuyáº¿n máº¡i lÃ  mÃ¡y sáº¥y tÃ³c mÃ  lÃºc nháº­n hÃ ng há»•ng cÃ³
sp Ä‘á»‰nh, dáº§u xáº£ thÆ¡m cá»±c kÃ¬, sÄƒn dc sale, tÄƒng mÃ¡y sáº¥y dÃ¹ng ráº¥t á»•n Ã¡p
Ráº¥t hÃ i lÃ²ng. Dáº§u gá»™i ko nhá»¯ng sáº¡ch mÃ  cÃ²n ráº¥t thÆ¡m. Dáº§u xáº£ cÅ©ng khá»i bÃ n. NÃ³i chung lÃ  ráº¥t chym Æ°ng. Cáº£m Æ¡n shop. Cáº£m Æ¡n tiki!
MÃ¹i khÃ¡ thÆ¡m, dáº§u gá»™i á»Ÿ má»©c á»•n, tÃ³c xÆ¡ quÃ¡ k nÃªn dÃ¹ng, dáº§u xáº£ dÃ¹ng k bá»‹ báº¿t tÃ³c, dÆ°á»¡ng tá»‘t.
mÃ¬nh Ä‘áº·t trong Ä‘á»£t dá»‹ch nhÆ°ng hÃ ng váº«n giao tá»›i ráº¥t ok, sp thÃ¬ mÃ¬nh sÃ i lÃ¢u rá»“i vÃ  tháº¥y ráº¥t nhiá»u ngÆ°á»i chuá»™ng dÃ²ng nÃ y
ÄÃ³ng gÃ³i cáº©n tháº­n,giao hÃ ng nhanh,sp chuáº©n. Äc táº·ng kÃ¨m lá» á»§ ráº¥t Æ°ng Ã½.Sáº½ á»§ng há»™ shop lÃ¢u dÃ i áº¡kâ¤ï¸
E mua cáº·p nÃ y vá» nhÆ°ng 20/10 láº¡i vá»«a Ä‘c táº·ng 1 cáº·p y há»‡t :( Pass cho ai cáº§n giÃ¡ 150k chÆ°a unbox lun áº¡ Em á»Ÿ HÃ  Ná»™i
ThÆ¡m quÃ¡ trá»i luÃ´n nhÆ°ng chÆ°a biáº¿t hiá»‡u quáº£ nhÆ° tháº¿ nÃ o. Cáº£m Æ¡n tiki nhiá»u nhÃ©. Giao hÃ ng nhanh tuy á»Ÿ TP HCM.
HÃ ng Ä‘Ã³ng gÃ³i ráº¥t ká»¹. NhÆ°ng hk thÃ­ch vÃ¬ giao hÃ ng ráº¥t lÃ¢u. LÃ m pháº£i Ä‘i mua chá»— khÃ¡c giá» má»›i giao tá»›i.
giao hÃ ng nhanh , sáº£n pháº©m dÃ¹ng ráº¥t thÃ­ch
HÃ ng Ä‘Ã³ng gÃ³i cáº©n tháº­n, sáº£n pháº©m tá»‘t
ChÆ°a tháº¥y giao sáº£n pháº©m táº·ng, dáº§u gá»™i vÃ  dáº§u xáº£ thÆ¡m, date 2024. Giao tiki now nÃªn nháº­n hÃ ng ráº¥t nhanh
